13301104001,116.356598,39.857340,0,528945479,754399916,20111102000051,0,206
13301104001,116.356623,39.857377,0,528945479,754399916,20111102000134,0,206
13301104001,116.356600,39.857344,0,528945479,754399916,20111102000156,0,206
13301104001,116.356623,39.857377,0,528945479,754399916,20111102000301,0,206
13301104001,116.356613,39.857363,0,528945479,754399916,20111102000401,0,206
13301104001,116.356612,39.857361,0,528945479,754399916,20111102000507,0,206
13301104001,116.356607,39.857353,0,528945479,754399916,20111102000546,0,206
13301104001,116.356615,39.857365,0,528945479,754399916,20111102000607,0,206
13301104001,116.356588,39.857325,0,528945479,754399916,20111102000653,0,206
13301104001,116.356602,39.857346,0,528945479,754399916,20111102000712,0,206
13301104001,116.356587,39.857325,0,528945479,754399916,20111102000757,0,206
13301104001,116.356587,39.857325,0,528945479,754399916,20111102000818,0,206
13301104001,116.356587,39.857324,0,528945479,754399916,20111102000923,0,206
13301104001,116.354973,39.855385,0,605983753,528945485,20111102001206,0,278
13301104001,116.355702,39.856179,0,754399916,754397603,20111102001229,19,218
13301104001,116.354972,39.855384,0,605983753,528945485,20111102001334,0,278
13301104001,116.354966,39.855377,0,605983753,528945485,20111102001435,0,278
13301104001,116.354969,39.855380,0,605983753,528945485,20111102001540,0,278
13301104001,116.354966,39.855377,0,605983753,528945485,20111102001617,0,278
13301104001,116.354957,39.855367,0,605983753,528945485,20111102001640,0,278
13301104001,116.354960,39.855370,0,605983753,528945485,20111102001745,0,278
13301104001,116.354938,39.855345,0,605983753,528945485,20111102001824,0,278
13301104001,116.354956,39.855365,0,605983753,528945485,20111102001846,0,278
13301104001,116.354940,39.855347,0,605983753,528945485,20111102001951,0,278
13301104001,116.354938,39.855345,0,605983753,528945485,20111102002051,0,278
13301104001,116.354916,39.855319,0,605983753,528945485,20111102002135,0,278
13301104001,116.354930,39.855335,0,605983753,528945485,20111102002156,0,278
13301104001,116.354912,39.855314,0,605983753,528945485,20111102002302,0,278
13301104001,116.354900,39.855301,0,605983753,528945485,20111102002402,0,278
13301104001,116.354889,39.855288,0,605983753,528945485,20111102002507,0,278
13301104001,116.354889,39.855289,0,605983753,528945485,20111102002546,0,278
13301104001,116.354894,39.855294,0,605983753,528945485,20111102002608,0,278
13301104001,116.354887,39.855286,0,605983753,528945485,20111102002651,0,278
13301104001,116.354890,39.855290,0,605983753,528945485,20111102002713,0,278
13301104001,116.354888,39.855287,0,605983753,528945485,20111102002756,0,278
13301104001,116.354890,39.855290,0,605983753,528945485,20111102002818,0,278
13301104001,116.354890,39.855290,0,605983753,528945485,20111102002923,0,278
13301104001,116.354887,39.855286,0,605983753,528945485,20111102003108,0,278
13301104001,116.354891,39.855290,0,605983753,528945485,20111102003129,0,278
13301104001,116.354884,39.855282,0,605983753,528945485,20111102003234,0,278
13301104001,116.354891,39.855291,0,605983753,528945485,20111102003315,0,278
13301104001,116.354889,39.855289,0,605983753,528945485,20111102003334,0,278
13301104001,116.354890,39.855289,0,605983753,528945485,20111102003440,0,278
13301104001,116.354887,39.855286,0,605983753,528945485,20111102003545,0,278
13301104001,116.354898,39.855299,0,605983753,528945485,20111102003623,0,278
13301104001,116.354900,39.855301,0,605983753,528945485,20111102003645,0,278
13301104001,116.354897,39.855298,0,605983753,528945485,20111102003751,0,278
13301104001,116.354897,39.855298,0,605983753,528945485,20111102003829,0,278
13301104001,116.354896,39.855297,0,605983753,528945485,20111102003851,0,278
13301104001,116.354894,39.855294,0,605983753,528945485,20111102003956,0,278
13301104001,116.354905,39.855307,0,605983753,528945485,20111102004057,0,278
13301104001,116.354903,39.855304,0,605983753,528945485,20111102004139,0,278
13301104001,116.354904,39.855306,0,605983753,528945485,20111102004202,0,278
13301104001,116.354904,39.855306,0,605983753,528945485,20111102004307,0,278
13301104001,116.354900,39.855301,0,605983753,528945485,20111102004311,0,278
13301104001,116.354899,39.855300,0,605983753,528945485,20111102004407,0,278
13301104001,116.354894,39.855294,0,605983753,528945485,20111102004538,0,278
13301104001,116.354898,39.855299,0,605983753,528945485,20111102004643,0,278
13301104001,116.354895,39.855295,0,605983753,528945485,20111102004721,0,278
13301104001,116.354898,39.855299,0,605983753,528945485,20111102004743,0,278
13301104001,116.354898,39.855298,0,605983753,528945485,20111102004849,0,278
13301104001,116.354895,39.855295,0,605983753,528945485,20111102004949,0,278
13301104001,116.354894,39.855294,0,605983753,528945485,20111102005054,0,278
13301104001,116.354899,39.855300,0,605983753,528945485,20111102005132,0,278
13301104001,116.354899,39.855300,0,605983753,528945485,20111102005155,0,278
13301104001,116.354897,39.855298,0,605983753,528945485,20111102005300,0,278
13301104001,116.354890,39.855290,0,605983753,528945485,20111102005400,0,278
13301104001,116.354898,39.855298,0,605983753,528945485,20111102005442,0,278
13301104001,116.354891,39.855291,0,605983753,528945485,20111102005506,0,278
13301104001,116.354899,39.855300,0,605983753,528945485,20111102005611,0,278
13301104001,116.354901,39.855302,0,605983753,528945485,20111102005650,0,278
13301104001,116.354894,39.855294,0,605983753,528945485,20111102005711,0,278
13301104001,116.354899,39.855300,0,605983753,528945485,20111102005816,0,278
13301104001,116.354899,39.855300,0,605983753,528945485,20111102005917,0,278
13301104001,116.354906,39.855308,0,605983753,528945485,20111102010024,0,278
13301104001,116.354905,39.855307,0,605983753,528945485,20111102010103,0,278
13301104001,116.354901,39.855302,0,605983753,528945485,20111102010125,0,278
13301104001,116.354904,39.855306,0,605983753,528945485,20111102010208,0,278
13301104001,116.354908,39.855310,0,605983753,528945485,20111102010230,0,278
13301104001,116.354901,39.855303,0,605983753,528945485,20111102010335,0,278
13301104001,116.354905,39.855306,0,605983753,528945485,20111102010436,0,278
13301104001,116.354908,39.855310,0,605983753,528945485,20111102010520,0,278
13301104001,116.354904,39.855305,0,605983753,528945485,20111102010541,0,278
13301104001,116.354915,39.855318,0,605983753,528945485,20111102010646,0,278
13301104001,116.354916,39.855319,0,605983753,528945485,20111102010727,0,278
13301104001,116.354908,39.855310,0,605983753,528945485,20111102010747,0,278
13301104001,116.354919,39.855323,0,605983753,528945485,20111102010829,0,278
13301104001,116.354915,39.855318,0,605983753,528945485,20111102010852,0,278
13301104001,116.354917,39.855320,0,605983753,528945485,20111102010957,0,278
13301104001,116.354919,39.855323,0,605983753,528945485,20111102011057,0,278
13301104001,116.354916,39.855319,0,605983753,528945485,20111102011204,0,278
13301104001,116.354919,39.855323,0,605983753,528945485,20111102011241,0,278
13301104001,116.354920,39.855323,0,605983753,528945485,20111102011304,0,278
13301104001,116.354921,39.855325,0,605983753,528945485,20111102011410,0,278
13301104001,116.354921,39.855325,0,605983753,528945485,20111102011511,0,278
13301104001,116.354922,39.855327,0,605983753,528945485,20111102011555,0,278
13301104001,116.354922,39.855327,0,605983753,528945485,20111102011616,0,278
13301104001,116.354918,39.855322,0,605983753,528945485,20111102011701,0,278
13301104001,116.354924,39.855328,0,605983753,528945485,20111102011721,0,278
13301104001,116.354914,39.855318,0,605983753,528945485,20111102011805,0,278
13301104001,116.354919,39.855322,0,605983753,528945485,20111102011826,0,278
13301104001,116.354920,39.855324,0,605983753,528945485,20111102011932,0,278
13301104001,116.354920,39.855323,0,605983753,528945485,20111102012032,0,278
13301104001,116.354915,39.855318,0,605983753,528945485,20111102012138,0,278
13301104001,116.354913,39.855316,0,605983753,528945485,20111102012215,0,278
13301104001,116.354916,39.855319,0,605983753,528945485,20111102012238,0,278
13301104001,116.354917,39.855320,0,605983753,528945485,20111102012343,0,278
13301104001,116.354906,39.855308,0,605983753,528945485,20111102012443,0,278
13301104001,116.354915,39.855318,0,605983753,528945485,20111102012549,0,278
13301104001,116.354908,39.855310,0,605983753,528945485,20111102012627,0,278
13301104001,116.354915,39.855318,0,605983753,528945485,20111102012649,0,278
13301104001,116.354911,39.855314,0,605983753,528945485,20111102012754,0,278
13301104001,116.354900,39.855301,0,605983753,528945485,20111102013125,0,278
13301104001,116.354888,39.855287,0,605983753,528945485,20111102013158,0,278
13301104001,116.354890,39.855289,0,605983753,528945485,20111102013221,0,278
13301104001,116.354888,39.855287,0,605983753,528945485,20111102013326,0,278
13301104001,116.354881,39.855280,0,605983753,528945485,20111102013426,0,278
13301104001,116.354871,39.855268,0,605983753,528945485,20111102013532,0,278
13301104001,116.354879,39.855277,0,605983753,528945485,20111102013609,0,278
13301104001,116.354878,39.855275,0,605983753,528945485,20111102013632,0,278
13301104001,116.354879,39.855277,0,605983753,528945485,20111102013737,0,278
13301104001,116.354883,39.855282,0,605983753,528945485,20111102013815,0,278
13301104001,116.354875,39.855272,0,605983753,528945485,20111102013838,0,278
13301104001,116.354882,39.855280,0,605983753,528945485,20111102013943,0,278
13301104001,116.354882,39.855280,0,605983753,528945485,20111102014043,0,278
13301104001,116.354887,39.855286,0,605983753,528945485,20111102014148,0,278
13301104001,116.354873,39.855270,0,605983753,528945485,20111102014225,0,278
13301104001,116.354887,39.855286,0,605983753,528945485,20111102014248,0,278
13301104001,116.354880,39.855278,0,605983753,528945485,20111102014355,0,278
13301104001,116.354866,39.855262,0,605983753,528945485,20111102014500,0,278
13301104001,116.354887,39.855286,0,605983753,528945485,20111102014538,0,278
13301104001,116.354868,39.855265,0,605983753,528945485,20111102014600,0,278
13301104001,116.354899,39.855300,0,605983753,528945485,20111102014706,0,278
13301104001,116.354917,39.855321,0,605983753,528945485,20111102014806,0,278
13301104001,116.354923,39.855328,0,605983753,528945485,20111102014911,0,278
13301104001,116.354934,39.855340,0,605983753,528945485,20111102015012,0,278
13301104001,116.354924,39.855328,0,605983753,528945485,20111102015117,0,278
13301104001,116.354910,39.855312,0,605983753,528945485,20111102015154,0,278
13301104001,116.354916,39.855319,0,605983753,528945485,20111102015217,0,278
13301104001,116.354912,39.855314,0,605983753,528945485,20111102015322,0,278
13301104001,116.354903,39.855304,0,605983753,528945485,20111102015423,0,278
13301104001,116.354895,39.855296,0,605983753,528945485,20111102015528,0,278
13301104001,116.354897,39.855298,0,605983753,528945485,20111102015606,0,278
13301104001,116.354894,39.855294,0,605983753,528945485,20111102015628,0,278
13301104001,116.354894,39.855294,0,605983753,528945485,20111102015734,0,278
13301104001,116.354896,39.855296,0,605983753,528945485,20111102015812,0,278
13301104001,116.354899,39.855300,0,605983753,528945485,20111102015834,0,278
13301104001,116.354894,39.855294,0,605983753,528945485,20111102015939,0,278
13301104001,116.354899,39.855300,0,605983753,528945485,20111102020039,0,122
13301104001,116.354894,39.855294,0,605983753,528945485,20111102020145,0,122
13301104001,116.354891,39.855290,0,605983753,528945485,20111102020222,0,122
13301104001,116.354894,39.855294,0,605983753,528945485,20111102020245,0,122
13301104001,116.354892,39.855292,0,605983753,528945485,20111102020350,0,122
13301104001,116.354902,39.855303,0,605983753,528945485,20111102020450,0,122
13301104001,116.354898,39.855299,0,605983753,528945485,20111102020533,0,122
13301104001,116.354904,39.855306,0,605983753,528945485,20111102020555,0,122
13301104001,116.354900,39.855301,0,605983753,528945485,20111102020701,0,122
13301104001,116.354901,39.855302,0,605983753,528945485,20111102020738,0,122
13301104001,116.354900,39.855301,0,605983753,528945485,20111102020801,0,122
13301104001,116.354903,39.855304,0,605983753,528945485,20111102020906,0,122
13301104001,116.354901,39.855302,0,605983753,528945485,20111102021006,0,122
13301104001,116.354905,39.855307,0,605983753,528945485,20111102021112,0,122
13301104001,116.354906,39.855308,0,605983753,528945485,20111102021150,0,122
13301104001,116.354905,39.855307,0,605983753,528945485,20111102021212,0,122
13301104001,116.354907,39.855309,0,605983753,528945485,20111102021317,0,122
13301104001,116.354912,39.855315,0,605983753,528945485,20111102021418,0,122
13301104001,116.354920,39.855324,0,605983753,528945485,20111102021500,0,122
13301104001,116.354908,39.855310,0,605983753,528945485,20111102021523,0,122
13301104001,116.354918,39.855322,0,605983753,528945485,20111102021628,0,122
13301104001,116.354924,39.855329,0,605983753,528945485,20111102021705,0,122
13301104001,116.354917,39.855320,0,605983753,528945485,20111102021729,0,122
13301104001,116.354924,39.855329,0,605983753,528945485,20111102021834,0,122
13301104001,116.354925,39.855330,0,605983753,528945485,20111102021934,0,122
13301104001,116.354921,39.855325,0,605983753,528945485,20111102022039,0,122
13301104001,116.354921,39.855325,0,605983753,528945485,20111102022117,0,122
13301104001,116.354922,39.855326,0,605983753,528945485,20111102022140,0,122
13301104001,116.354925,39.855330,0,605983753,528945485,20111102022245,0,122
13301104001,116.354907,39.855309,0,605983753,528945485,20111102022323,0,122
13301104001,116.354917,39.855321,0,605983753,528945485,20111102022345,0,122
13301104001,116.354913,39.855316,0,605983753,528945485,20111102022451,0,122
13301104001,116.354912,39.855315,0,605983753,528945485,20111102022536,0,122
13301104001,116.354914,39.855317,0,605983753,528945485,20111102022556,0,122
13301104001,116.354912,39.855314,0,605983753,528945485,20111102022639,0,122
13301104001,116.354912,39.855314,0,605983753,528945485,20111102022701,0,122
13301104001,116.354910,39.855313,0,605983753,528945485,20111102022806,0,122
13301104001,116.354905,39.855307,0,605983753,528945485,20111102022907,0,122
13301104001,116.354901,39.855302,0,605983753,528945485,20111102023012,0,122
13301104001,116.354908,39.855311,0,605983753,528945485,20111102023048,0,122
13301104001,116.354908,39.855310,0,605983753,528945485,20111102023112,0,122
13301104001,116.354904,39.855306,0,605983753,528945485,20111102023217,0,122
13301104001,116.354904,39.855305,0,605983753,528945485,20111102023256,0,122
13301104001,116.354906,39.855308,0,605983753,528945485,20111102023317,0,122
13301104001,116.354909,39.855311,0,605983753,528945485,20111102023423,0,122
13301104001,116.354906,39.855308,0,605983753,528945485,20111102023523,0,122
13301104001,116.354893,39.855293,0,605983753,528945485,20111102023628,0,122
13301104001,116.354896,39.855296,0,605983753,528945485,20111102023707,0,122
13301104001,116.354890,39.855289,0,605983753,528945485,20111102023729,0,122
13301104001,116.354894,39.855294,0,605983753,528945485,20111102023835,0,122
13301104001,116.354891,39.855291,0,605983753,528945485,20111102023935,0,122
13301104001,116.354899,39.855300,0,605983753,528945485,20111102024040,0,122
13301104001,116.354908,39.855310,0,605983753,528945485,20111102024116,0,122
13301104001,116.354903,39.855304,0,605983753,528945485,20111102024140,0,122
13301104001,116.354909,39.855311,0,605983753,528945485,20111102024246,0,122
13301104001,116.354914,39.855317,0,605983753,528945485,20111102024324,0,122
13301104001,116.354916,39.855320,0,605983753,528945485,20111102024346,0,122
13301104001,116.354914,39.855317,0,605983753,528945485,20111102024453,0,122
13301104001,116.354920,39.855324,0,605983753,528945485,20111102024659,0,122
13301104001,116.354915,39.855319,0,605983753,528945485,20111102024735,0,122
13301104001,116.354919,39.855323,0,605983753,528945485,20111102024759,0,122
13301104001,116.354918,39.855322,0,605983753,528945485,20111102024904,0,122
13301104001,116.354916,39.855319,0,605983753,528945485,20111102025004,0,122
13301104001,116.354912,39.855315,0,605983753,528945485,20111102025109,0,122
13301104001,116.354920,39.855324,0,605983753,528945485,20111102025146,0,122
13301104001,116.354926,39.855331,0,605983753,528945485,20111102025210,0,122
13301104001,116.354915,39.855319,0,605983753,528945485,20111102025315,0,122
13301104001,116.354909,39.855311,0,605983753,528945485,20111102025415,0,122
13301104001,116.354907,39.855309,0,605983753,528945485,20111102025520,0,122
13301104001,116.354917,39.855321,0,605983753,528945485,20111102025558,0,122
13301104001,116.354911,39.855313,0,605983753,528945485,20111102025621,0,122
13301104001,116.354908,39.855311,0,605983753,528945485,20111102025726,0,122
13301104001,116.354905,39.855307,0,605983753,528945485,20111102025803,0,122
13301104001,116.354908,39.855310,0,605983753,528945485,20111102025826,0,122
13301104001,116.354907,39.855310,0,605983753,528945485,20111102025932,0,122
13301104001,116.354905,39.855307,0,605983753,528945485,20111102030032,0,122
13301104001,116.354920,39.855324,0,605983753,528945485,20111102030137,0,122
13301104001,116.354923,39.855328,0,605983753,528945485,20111102030215,0,122
13301104001,116.354921,39.855325,0,605983753,528945485,20111102030237,0,122
13301104001,116.354926,39.855330,0,605983753,528945485,20111102030321,0,122
13301104001,116.354923,39.855328,0,605983753,528945485,20111102030343,0,122
13301104001,116.354928,39.855333,0,605983753,528945485,20111102030448,0,122
13301104001,116.354932,39.855337,0,605983753,528945485,20111102030554,0,122
13301104001,116.354936,39.855342,0,605983753,528945485,20111102030631,0,122
13301104001,116.354937,39.855343,0,605983753,528945485,20111102030654,0,122
13301104001,116.354937,39.855343,0,605983753,528945485,20111102030759,0,122
13301104001,116.354940,39.855347,0,605983753,528945485,20111102030859,0,122
13301104001,116.354938,39.855345,0,605983753,528945485,20111102031005,0,122
13301104001,116.354933,39.855339,0,605983753,528945485,20111102031042,0,122
13301104001,116.354937,39.855344,0,605983753,528945485,20111102031105,0,122
13301104001,116.354934,39.855340,0,605983753,528945485,20111102031147,0,122
13301104001,116.354931,39.855337,0,605983753,528945485,20111102031210,0,122
13301104001,116.354931,39.855336,0,605983753,528945485,20111102031316,0,122
13301104001,116.354933,39.855339,0,605983753,528945485,20111102031416,0,122
13301104001,116.354931,39.855337,0,605983753,528945485,20111102031521,0,122
13301104001,116.354923,39.855328,0,605983753,528945485,20111102031558,0,122
13301104001,116.354923,39.855327,0,605983753,528945485,20111102031621,0,122
13301104001,116.354921,39.855326,0,605983753,528945485,20111102031705,0,122
13301104001,116.354921,39.855325,0,605983753,528945485,20111102031728,0,122
13301104001,116.354923,39.855327,0,605983753,528945485,20111102031833,0,122
13301104001,116.354917,39.855320,0,605983753,528945485,20111102031933,0,122
13301104001,116.354916,39.855319,0,605983753,528945485,20111102032038,0,122
13301104001,116.354905,39.855306,0,605983753,528945485,20111102032116,0,122
13301104001,116.354911,39.855314,0,605983753,528945485,20111102032139,0,122
13301104001,116.354908,39.855310,0,605983753,528945485,20111102032244,0,122
13301104001,116.354905,39.855307,0,605983753,528945485,20111102032321,0,122
13301104001,116.354905,39.855307,0,605983753,528945485,20111102032344,0,122
13301104001,116.354903,39.855305,0,605983753,528945485,20111102032449,0,122
13301104001,116.354907,39.855309,0,605983753,528945485,20111102032555,0,122
13301104001,116.354903,39.855304,0,605983753,528945485,20111102032631,0,122
13301104001,116.354898,39.855299,0,605983753,528945485,20111102032655,0,122
13301104001,116.354902,39.855303,0,605983753,528945485,20111102032800,0,122
13301104001,116.354900,39.855301,0,605983753,528945485,20111102032900,0,122
13301104001,116.354897,39.855298,0,605983753,528945485,20111102033006,0,122
13301104001,116.354895,39.855295,0,605983753,528945485,20111102033042,0,122
13301104001,116.354898,39.855299,0,605983753,528945485,20111102033106,0,122
13301104001,116.354896,39.855297,0,605983753,528945485,20111102033211,0,122
13301104001,116.354895,39.855296,0,605983753,528945485,20111102033248,0,122
13301104001,116.354899,39.855300,0,605983753,528945485,20111102033311,0,122
13301104001,116.354898,39.855298,0,605983753,528945485,20111102033417,0,122
13301104001,116.354890,39.855289,0,605983753,528945485,20111102033547,0,122
13301104001,116.354895,39.855295,0,605983753,528945485,20111102033610,0,122
13301104001,116.354889,39.855288,0,605983753,528945485,20111102033716,0,122
13301104001,116.354882,39.855280,0,605983753,528945485,20111102033753,0,122
13301104001,116.354886,39.855285,0,605983753,528945485,20111102033816,0,122
13301104001,116.354880,39.855278,0,605983753,528945485,20111102033921,0,122
13301104001,116.354879,39.855277,0,605983753,528945485,20111102034021,0,122
13301104001,116.354878,39.855276,0,605983753,528945485,20111102034127,0,122
13301104001,116.354884,39.855283,0,605983753,528945485,20111102034203,0,122
13301104001,116.354884,39.855282,0,605983753,528945485,20111102034227,0,122
13301104001,116.354881,39.855279,0,605983753,528945485,20111102034332,0,122
13301104001,116.354882,39.855280,0,605983753,528945485,20111102034432,0,122
13301104001,116.354893,39.855292,0,605983753,528945485,20111102034514,0,122
13301104001,116.354892,39.855291,0,605983753,528945485,20111102034538,0,122
13301104001,116.354889,39.855289,0,605983753,528945485,20111102034643,0,122
13301104001,116.354896,39.855296,0,605983753,528945485,20111102034719,0,122
13301104001,116.354894,39.855295,0,605983753,528945485,20111102034743,0,122
13301104001,116.354896,39.855296,0,605983753,528945485,20111102034849,0,122
13301104001,116.354901,39.855302,0,605983753,528945485,20111102034949,0,122
13301104001,116.354896,39.855297,0,605983753,528945485,20111102035054,0,122
13301104001,116.354898,39.855299,0,605983753,528945485,20111102035132,0,122
13301104001,116.354898,39.855299,0,605983753,528945485,20111102035155,0,122
13301104001,116.354899,39.855300,0,605983753,528945485,20111102035238,0,122
13301104001,116.354897,39.855298,0,605983753,528945485,20111102035300,0,122
13301104001,116.354904,39.855305,0,605983753,528945485,20111102035405,0,122
13301104001,116.354908,39.855310,0,605983753,528945485,20111102035511,0,122
13301104001,116.354909,39.855311,0,605983753,528945485,20111102035547,0,122
13301104001,116.354904,39.855305,0,605983753,528945485,20111102035611,0,122
13301104001,116.354903,39.855304,0,605983753,528945485,20111102035653,0,122
13301104001,116.354905,39.855307,0,605983753,528945485,20111102035716,0,122
13301104001,116.354907,39.855309,0,605983753,528945485,20111102035822,0,122
13301104001,116.354908,39.855310,0,605983753,528945485,20111102035922,0,122
13301104001,116.354911,39.855313,0,605983753,528945485,20111102040027,0,122
13301104001,116.354911,39.855313,0,605983753,528945485,20111102040103,0,122
13301104001,116.354910,39.855312,0,605983753,528945485,20111102040127,0,122
13301104001,116.354906,39.855308,0,605983753,528945485,20111102040233,0,122
13301104001,116.354911,39.855313,0,605983753,528945485,20111102040311,0,122
13301104001,116.354914,39.855317,0,605983753,528945485,20111102040333,0,122
13301104001,116.354911,39.855314,0,605983753,528945485,20111102040439,0,122
13301104001,116.354903,39.855304,0,605983753,528945485,20111102040539,0,122
13301104001,116.354906,39.855307,0,605983753,528945485,20111102040644,0,122
13301104001,116.354905,39.855307,0,605983753,528945485,20111102040721,0,122
13301104001,116.354900,39.855301,0,605983753,528945485,20111102040745,0,122
13301104001,116.354901,39.855302,0,605983753,528945485,20111102040850,0,122
13301104001,116.354901,39.855302,0,605983753,528945485,20111102040951,0,122
13301104001,116.354905,39.855306,0,605983753,528945485,20111102041056,0,122
13301104001,116.354910,39.855312,0,605983753,528945485,20111102041133,0,122
13301104001,116.354908,39.855310,0,605983753,528945485,20111102041156,0,122
13301104001,116.354903,39.855305,0,605983753,528945485,20111102041301,0,122
13301104001,116.354907,39.855309,0,605983753,528945485,20111102041402,0,122
13301104001,116.354903,39.855305,0,605983753,528945485,20111102041507,0,122
13301104001,116.354905,39.855307,0,605983753,528945485,20111102041544,0,122
13301104001,116.354909,39.855311,0,605983753,528945485,20111102041607,0,122
13301104001,116.354905,39.855307,0,605983753,528945485,20111102041713,0,122
13301104001,116.354899,39.855300,0,605983753,528945485,20111102041750,0,122
13301104001,116.354902,39.855303,0,605983753,528945485,20111102041813,0,122
13301104001,116.354897,39.855298,0,605983753,528945485,20111102041918,0,122
13301104001,116.354899,39.855300,0,605983753,528945485,20111102042019,0,122
13301104001,116.354898,39.855298,0,605983753,528945485,20111102042124,0,122
13301104001,116.354898,39.855299,0,605983753,528945485,20111102042200,0,122
13301104001,116.354899,39.855300,0,605983753,528945485,20111102042224,0,122
13301104001,116.354899,39.855299,0,605983753,528945485,20111102042330,0,122
13301104001,116.354892,39.855292,0,605983753,528945485,20111102042430,0,122
13301104001,116.354900,39.855301,0,605983753,528945485,20111102042535,0,122
13301104001,116.354903,39.855304,0,605983753,528945485,20111102042611,0,122
13301104001,116.354901,39.855302,0,605983753,528945485,20111102042635,0,122
13301104001,116.354905,39.855307,0,605983753,528945485,20111102042717,0,122
13301104001,116.354902,39.855304,0,605983753,528945485,20111102042740,0,122
13301104001,116.354904,39.855305,0,605983753,528945485,20111102042846,0,122
13301104001,116.354902,39.855303,0,605983753,528945485,20111102042946,0,122
13301104001,116.354905,39.855306,0,605983753,528945485,20111102043052,0,122
13301104001,116.354942,39.855349,0,605983753,528945485,20111102043129,0,122
13301104001,116.354921,39.855325,0,605983753,528945485,20111102043152,0,122
13301104001,116.354935,39.855341,0,605983753,528945485,20111102043257,0,122
13301104001,116.354950,39.855358,0,605983753,528945485,20111102043357,0,122
13301104001,116.354921,39.855325,0,605983753,528945485,20111102043440,0,122
13301104001,116.354931,39.855337,0,605983753,528945485,20111102043503,0,122
13301104001,116.354919,39.855323,0,605983753,528945485,20111102043608,0,122
13301104001,116.354919,39.855323,0,605983753,528945485,20111102043645,0,122
13301104001,116.354909,39.855311,0,605983753,528945485,20111102043708,0,122
13301104001,116.354918,39.855321,0,605983753,528945485,20111102043814,0,122
13301104001,116.354922,39.855326,0,605983753,528945485,20111102043914,0,122
13301104001,116.354922,39.855326,0,605983753,528945485,20111102043956,0,122
13301104001,116.354923,39.855328,0,605983753,528945485,20111102044019,0,122
13301104001,116.354919,39.855323,0,605983753,528945485,20111102044101,0,122
13301104001,116.354922,39.855326,0,605983753,528945485,20111102044125,0,122
13301104001,116.354914,39.855317,0,605983753,528945485,20111102044206,0,122
13301104001,116.354919,39.855323,0,605983753,528945485,20111102044230,0,122
13301104001,116.354919,39.855323,0,605983753,528945485,20111102044311,0,122
13301104001,116.354917,39.855320,0,605983753,528945485,20111102044335,0,122
13301104001,116.354923,39.855327,0,605983753,528945485,20111102044441,0,122
13301104001,116.354921,39.855325,0,605983753,528945485,20111102044541,0,122
13301104001,116.354919,39.855323,0,605983753,528945485,20111102044646,0,122
13301104001,116.354922,39.855326,0,605983753,528945485,20111102044724,0,122
13301104001,116.354921,39.855325,0,605983753,528945485,20111102044747,0,122
13301104001,116.354922,39.855327,0,605983753,528945485,20111102044852,0,122
13301104001,116.354912,39.855315,0,605983753,528945485,20111102044952,0,122
13301104001,116.354914,39.855317,0,605983753,528945485,20111102045058,0,122
13301104001,116.354903,39.855304,0,605983753,528945485,20111102045136,0,122
13301104001,116.354913,39.855316,0,605983753,528945485,20111102045158,0,122
13301104001,116.354896,39.855297,0,605983753,528945485,20111102045303,0,122
13301104001,116.354893,39.855294,0,605983753,528945485,20111102045404,0,122
13301104001,116.354897,39.855298,0,605983753,528945485,20111102045509,0,122
13301104001,116.354889,39.855288,0,605983753,528945485,20111102045547,0,122
13301104001,116.354900,39.855301,0,605983753,528945485,20111102045610,0,122
13301104001,116.354895,39.855295,0,605983753,528945485,20111102045715,0,122
13301104001,116.354873,39.855270,0,605983753,528945485,20111102045752,0,122
13301104001,116.354877,39.855275,0,605983753,528945485,20111102045815,0,122
13301104001,116.354875,39.855272,0,605983753,528945485,20111102045921,0,122
13301104001,116.354878,39.855276,0,605983753,528945485,20111102050021,0,122
13301104001,116.354888,39.855287,0,605983753,528945485,20111102050126,0,122
13301104001,116.354856,39.855250,0,605983753,528945485,20111102050203,0,122
13301104001,116.354864,39.855260,0,605983753,528945485,20111102050227,0,122
13301104001,116.354861,39.855257,0,605983753,528945485,20111102050332,0,122
13301104001,116.354866,39.855262,0,605983753,528945485,20111102050432,0,122
13301104001,116.354878,39.855276,0,605983753,528945485,20111102050538,0,122
13301104001,116.354876,39.855273,0,605983753,528945485,20111102050615,0,122
13301104001,116.354870,39.855266,0,605983753,528945485,20111102050638,0,122
13301104001,116.354882,39.855280,0,605983753,528945485,20111102050720,0,122
13301104001,116.354874,39.855271,0,605983753,528945485,20111102050743,0,122
13301104001,116.354879,39.855277,0,605983753,528945485,20111102050849,0,122
13301104001,116.354881,39.855279,0,605983753,528945485,20111102050949,0,122
13301104001,116.354880,39.855278,0,605983753,528945485,20111102051054,0,122
13301104001,116.354880,39.855278,0,605983753,528945485,20111102051132,0,122
13301104001,116.354882,39.855280,0,605983753,528945485,20111102051154,0,122
13301104001,116.354878,39.855276,0,605983753,528945485,20111102051300,0,122
13301104001,116.354872,39.855269,0,605983753,528945485,20111102051400,0,122
13301104001,116.354861,39.855256,0,605983753,528945485,20111102051506,0,122
13301104001,116.354867,39.855263,0,605983753,528945485,20111102051544,0,122
13301104001,116.354871,39.855268,0,605983753,528945485,20111102051607,0,122
13301104001,116.354867,39.855264,0,605983753,528945485,20111102051712,0,122
13301104001,116.354869,39.855265,0,605983753,528945485,20111102051749,0,122
13301104001,116.354870,39.855266,0,605983753,528945485,20111102051812,0,122
13301104001,116.354871,39.855268,0,605983753,528945485,20111102051917,0,122
13301104001,116.354874,39.855271,0,605983753,528945485,20111102052018,0,122
13301104001,116.354873,39.855270,0,605983753,528945485,20111102052123,0,122
13301104001,116.354876,39.855274,0,605983753,528945485,20111102052203,0,122
13301104001,116.354871,39.855268,0,605983753,528945485,20111102052223,0,122
13301104001,116.354873,39.855270,0,605983753,528945485,20111102052306,0,122
13301104001,116.354878,39.855276,0,605983753,528945485,20111102052329,0,122
13301104001,116.354877,39.855274,0,605983753,528945485,20111102052434,0,122
13301104001,116.354866,39.855262,0,605983753,528945485,20111102052534,0,122
13301104001,116.354865,39.855261,0,605983753,528945485,20111102052616,0,122
13301104001,116.354867,39.855263,0,605983753,528945485,20111102052640,0,122
13301104001,116.354876,39.855273,0,605983753,528945485,20111102052721,0,122
13301104001,116.354869,39.855265,0,605983753,528945485,20111102052745,0,122
13301104001,116.354865,39.855261,0,605983753,528945485,20111102052850,0,122
13301104001,116.354867,39.855263,0,605983753,528945485,20111102052950,0,122
13301104001,116.354863,39.855258,0,605983753,528945485,20111102053056,0,122
13301104001,116.354860,39.855255,0,605983753,528945485,20111102053133,0,122
13301104001,116.354864,39.855259,0,605983753,528945485,20111102053156,0,122
13301104001,116.354863,39.855259,0,605983753,528945485,20111102053301,0,122
13301104001,116.354863,39.855258,0,605983753,528945485,20111102053402,0,122
13301104001,116.354869,39.855265,0,605983753,528945485,20111102053445,0,122
13301104001,116.354867,39.855263,0,605983753,528945485,20111102053507,0,122
13301104001,116.354898,39.855298,0,605983753,528945485,20111102053551,0,122
13301104001,116.354871,39.855267,0,605983753,528945485,20111102053612,0,122
13301104001,116.354912,39.855314,0,605983753,528945485,20111102053656,0,122
13301104001,116.354894,39.855294,0,605983753,528945485,20111102053718,0,122
13301104001,116.354909,39.855312,0,605983753,528945485,20111102053823,0,122
13301104001,116.354914,39.855317,0,605983753,528945485,20111102053923,0,122
13301104001,116.354917,39.855320,0,605983753,528945485,20111102054030,0,122
13301104001,116.354905,39.855306,0,605983753,528945485,20111102054108,0,122
13301104001,116.354912,39.855314,0,605983753,528945485,20111102054130,0,122
13301104001,116.354910,39.855313,0,605983753,528945485,20111102054236,0,122
13301104001,116.354899,39.855300,0,605983753,528945485,20111102054313,0,122
13301104001,116.354902,39.855304,0,605983753,528945485,20111102054337,0,122
13301104001,116.354900,39.855300,0,605983753,528945485,20111102054442,0,122
13301104001,116.354901,39.855302,0,605983753,528945485,20111102054542,0,122
13301104001,116.354899,39.855300,0,605983753,528945485,20111102054624,0,122
13301104001,116.354897,39.855298,0,605983753,528945485,20111102054647,0,122
13301104001,116.354901,39.855302,0,605983753,528945485,20111102054753,0,122
13301104001,116.354905,39.855306,0,605983753,528945485,20111102054853,0,122
13301104001,116.354906,39.855308,0,605983753,528945485,20111102054958,0,122
13301104001,116.354900,39.855301,0,605983753,528945485,20111102055059,0,122
13301104001,116.354902,39.855303,0,605983753,528945485,20111102055204,0,122
13301104001,116.354908,39.855310,0,605983753,528945485,20111102055241,0,122
13301104001,116.354906,39.855308,0,605983753,528945485,20111102055304,0,122
13301104001,116.354902,39.855304,0,605983753,528945485,20111102055410,0,122
13301104001,116.354905,39.855307,0,605983753,528945485,20111102055510,0,122
13301104001,116.354903,39.855305,0,605983753,528945485,20111102055615,0,122
13301104001,116.354908,39.855310,0,605983753,528945485,20111102055652,0,122
13301104001,116.354907,39.855309,0,605983753,528945485,20111102055715,0,122
13301104001,116.354906,39.855308,0,605983753,528945485,20111102055821,0,122
13301104001,116.354904,39.855306,0,605983753,528945485,20111102055921,0,122
13301104001,116.354908,39.855310,0,605983753,528945485,20111102060004,0,122
13301104001,116.354908,39.855310,0,605983753,528945485,20111102060027,0,122
13301104001,116.354906,39.855308,0,605983753,528945485,20111102060132,0,122
13301104001,116.354921,39.855325,0,605983753,528945485,20111102060213,0,122
13301104001,116.354918,39.855322,0,605983753,528945485,20111102060232,0,122
13301104001,116.354934,39.855340,0,605983753,528945485,20111102060315,0,122
13301104001,116.354929,39.855335,0,605983753,528945485,20111102060338,0,122
13301104001,116.354932,39.855338,0,605983753,528945485,20111102060443,0,122
13301104001,116.354930,39.855335,0,605983753,528945485,20111102060538,0,122
13301104001,116.354932,39.855338,0,605983753,528945485,20111102060543,0,122
13301104001,116.354926,39.855331,0,605983753,528945485,20111102060648,0,122
13301104001,116.354930,39.855336,0,605983753,528945485,20111102060741,0,122
13301104001,116.354932,39.855338,0,605983753,528945485,20111102060806,0,122
13301104001,116.354927,39.855332,0,605983753,528945485,20111102060911,0,122
13301104001,116.354923,39.855327,0,605983753,528945485,20111102060952,0,122
13301104001,116.354925,39.855330,0,605983753,528945485,20111102061016,0,122
13301104001,116.354925,39.855330,0,605983753,528945485,20111102061122,0,122
13301104001,116.354924,39.855328,0,605983753,528945485,20111102061200,0,122
13301104001,116.354924,39.855329,0,605983753,528945485,20111102061222,0,122
13301104001,116.354926,39.855330,0,605983753,528945485,20111102061305,0,122
13301104001,116.354925,39.855330,0,605983753,528945485,20111102061327,0,122
13301104001,116.354928,39.855333,0,605983753,528945485,20111102061433,0,122
13301104001,116.354920,39.855324,0,605983753,528945485,20111102061538,0,122
13301104001,116.354922,39.855326,0,605983753,528945485,20111102061614,0,122
13301104001,116.354918,39.855322,0,605983753,528945485,20111102061638,0,122
13301104001,116.354921,39.855325,0,605983753,528945485,20111102061743,0,122
13301104001,116.354915,39.855318,0,605983753,528945485,20111102061821,0,122
13301104001,116.354922,39.855326,0,605983753,528945485,20111102061844,0,122
13301104001,116.354921,39.855325,0,605983753,528945485,20111102061949,0,122
13301104001,116.354918,39.855321,0,605983753,528945485,20111102062049,0,122
13301104001,116.354920,39.855324,0,605983753,528945485,20111102062156,0,122
13301104001,116.354926,39.855331,0,605983753,528945485,20111102062232,0,122
13301104001,116.354918,39.855321,0,605983753,528945485,20111102062257,0,122
13301104001,116.354926,39.855331,0,605983753,528945485,20111102062402,0,122
13301104001,116.354926,39.855330,0,605983753,528945485,20111102062502,0,122
13301104001,116.354931,39.855337,0,605983753,528945485,20111102062544,0,122
13301104001,116.354928,39.855334,0,605983753,528945485,20111102062608,0,122
13301104001,116.354926,39.855331,0,605983753,528945485,20111102062713,0,122
13301104001,116.354920,39.855324,0,605983753,528945485,20111102062752,0,122
13301104001,116.354923,39.855327,0,605983753,528945485,20111102062813,0,122
13301104001,116.354924,39.855328,0,605983753,528945485,20111102062918,0,122
13301104001,116.354922,39.855326,0,605983753,528945485,20111102063003,0,122
13301104001,116.354926,39.855330,0,605983753,528945485,20111102063024,0,122
13301104001,116.354924,39.855328,0,605983753,528945485,20111102063106,0,122
13301104001,116.354928,39.855333,0,605983753,528945485,20111102063129,0,122
13301104001,116.354921,39.855325,0,605983753,528945485,20111102063213,0,122
13301104001,116.354928,39.855333,0,605983753,528945485,20111102063234,0,122
13301104001,116.354917,39.855321,0,605983753,528945485,20111102063319,0,122
13301104001,116.354925,39.855329,0,605983753,528945485,20111102063340,0,122
13301104001,116.354917,39.855321,0,605983753,528945485,20111102063445,0,122
13301104001,116.354918,39.855321,0,605983753,528945485,20111102063528,0,122
13301104001,116.354913,39.855316,0,605983753,528945485,20111102063550,0,122
13301104001,116.354918,39.855322,0,605983753,528945485,20111102063656,0,122
13301104001,116.354921,39.855325,0,605983753,528945485,20111102063732,0,122
13301104001,116.354907,39.855309,0,605983753,528945485,20111102063756,0,122
13301104001,116.354928,39.855333,0,605983753,528945485,20111102063901,0,122
13301104001,116.354935,39.855341,0,605983753,528945485,20111102064001,0,122
13301104001,116.354949,39.855357,0,605983753,528945485,20111102064107,0,122
13301104001,116.354935,39.855342,0,605983753,528945485,20111102064144,0,122
13301104001,116.354953,39.855362,0,605983753,528945485,20111102064207,0,122
13301104001,116.354939,39.855346,0,605983753,528945485,20111102064312,0,122
13301104001,116.354952,39.855360,0,605983753,528945485,20111102064413,0,122
13301104001,116.354946,39.855353,0,605983753,528945485,20111102064518,0,122
13301104001,116.354907,39.855309,0,605983753,528945485,20111102064555,0,214
13301104001,116.354920,39.855324,0,605983753,528945485,20111102064618,0,286
13301104001,116.354910,39.855313,0,605983753,528945485,20111102064724,0,214
13301104001,116.354903,39.855305,0,605983753,528945485,20111102064802,0,214
13301104001,116.354904,39.855306,0,605983753,528945485,20111102064824,0,214
13301104001,116.354904,39.855306,0,605983753,528945485,20111102064929,0,214
13301104001,116.354869,39.855266,0,605983753,528945485,20111102065011,0,214
13301104001,116.354863,39.855258,0,605983753,528945485,20111102065035,0,214
13301104001,116.354867,39.855263,0,605983753,528945485,20111102065140,0,214
13301104001,116.354866,39.855262,0,605983753,528945485,20111102065217,0,214
13301104001,116.354868,39.855264,0,605983753,528945485,20111102065240,0,214
13301104001,116.354870,39.855267,0,605983753,528945485,20111102065346,0,214
13301104001,116.354878,39.855276,0,605983753,528945485,20111102065446,0,214
13301104001,116.354891,39.855290,0,605983753,528945485,20111102065528,0,214
13301104001,116.354883,39.855282,0,605983753,528945485,20111102065551,0,214
13301104001,116.354888,39.855287,0,605983753,528945485,20111102065656,0,214
13301104001,116.354897,39.855298,0,605983753,528945485,20111102065757,0,214
13301104001,116.354900,39.855301,0,605983753,528945485,20111102065902,0,214
13301104001,116.354908,39.855310,0,605983753,528945485,20111102070002,0,214
13301104001,116.354926,39.855331,0,605983753,528945485,20111102070107,0,214
13301104001,116.354955,39.855364,0,605983753,528945485,20111102070146,0,214
13301104001,116.354954,39.855363,0,605983753,528945485,20111102070208,0,214
13301104001,116.354953,39.855362,0,605983753,528945485,20111102070252,0,214
13301104001,116.354958,39.855367,0,605983753,528945485,20111102070313,0,214
13301104001,116.354951,39.855359,0,605983753,528945485,20111102070418,0,214
13301104001,116.354947,39.855355,0,605983753,528945485,20111102070523,0,214
13301104001,116.354948,39.855356,0,605983753,528945485,20111102070600,0,214
13301104001,116.354944,39.855351,0,605983753,528945485,20111102070624,0,214
13301104001,116.354954,39.855363,0,605983753,528945485,20111102070729,0,214
13301104001,116.354948,39.855356,0,605983753,528945485,20111102070805,0,214
13301104001,116.354955,39.855364,0,605983753,528945485,20111102070829,0,214
13301104001,116.354946,39.855354,0,605983753,528945485,20111102070934,0,214
13301104001,116.354950,39.855358,0,605983753,528945485,20111102071035,0,214
13301104001,116.354946,39.855353,0,605983753,528945485,20111102071140,0,214
13301104001,116.354933,39.855339,0,605983753,528945485,20111102071217,0,214
13301104001,116.354943,39.855350,0,605983753,528945485,20111102071240,0,214
13301104001,116.354934,39.855339,0,605983753,528945485,20111102071321,0,214
13301104001,116.354934,39.855340,0,605983753,528945485,20111102071346,0,214
13301104001,116.354934,39.855341,0,605983753,528945485,20111102071451,0,214
13301104001,116.354925,39.855330,0,605983753,528945485,20111102071551,0,214
13301104001,116.354930,39.855335,0,605983753,528945485,20111102071656,0,214
13301104001,116.354930,39.855335,0,605983753,528945485,20111102071734,0,214
13301104001,116.354932,39.855338,0,605983753,528945485,20111102071757,0,214
13301104001,116.354930,39.855336,0,605983753,528945485,20111102071902,0,214
13301104001,116.354930,39.855335,0,605983753,528945485,20111102071945,0,214
13301104001,116.354926,39.855330,0,605983753,528945485,20111102072049,0,214
13301104001,116.354932,39.855337,0,605983753,528945485,20111102072113,0,214
13301104001,116.354922,39.855326,0,605983753,528945485,20111102072218,0,214
13301104001,116.354920,39.855324,0,605983753,528945485,20111102072255,0,214
13301104001,116.354916,39.855319,0,605983753,528945485,20111102072318,0,214
13301104001,116.354923,39.855328,0,605983753,528945485,20111102072423,0,214
13301104001,116.354919,39.855322,0,605983753,528945485,20111102072605,0,214
13301104001,116.354920,39.855323,0,605983753,528945485,20111102072629,0,214
13301104001,116.354914,39.855317,0,605983753,528945485,20111102072711,0,214
13301104001,116.354915,39.855318,0,605983753,528945485,20111102072734,0,214
13301104001,116.354915,39.855319,0,605983753,528945485,20111102072840,0,214
13301104001,116.354921,39.855325,0,605983753,528945485,20111102073158,0,214
13301104001,116.354913,39.855316,0,605983753,528945485,20111102073221,0,214
13301104001,116.354922,39.855326,0,605983753,528945485,20111102073326,0,214
13301104001,116.354930,39.855335,0,605983753,528945485,20111102073427,0,214
13301104001,116.354930,39.855335,0,605983753,528945485,20111102073532,0,214
13301104001,116.354938,39.855344,0,605983753,528945485,20111102073609,0,214
13301104001,116.354932,39.855338,0,605983753,528945485,20111102073632,0,214
13301104001,116.354942,39.855349,0,605983753,528945485,20111102073737,0,214
13301104001,116.354936,39.855343,0,605983753,528945485,20111102073816,0,214
13301104001,116.354945,39.855353,0,605983753,528945485,20111102073838,0,214
13301104001,116.354934,39.855340,0,605983753,528945485,20111102073943,0,214
13301104001,116.354928,39.855334,0,605983753,528945485,20111102074048,0,214
13301104001,116.354923,39.855328,0,605983753,528945485,20111102074124,0,214
13301104001,116.354929,39.855335,0,605983753,528945485,20111102074149,0,214
13301104001,116.354924,39.855328,0,605983753,528945485,20111102074254,0,214
13301104001,116.354921,39.855325,0,605983753,528945485,20111102074331,0,214
13301104001,116.354921,39.855325,0,605983753,528945485,20111102074354,0,214
13301104001,116.354924,39.855328,0,605983753,528945485,20111102074536,0,214
13301104001,116.354917,39.855320,0,605983753,528945485,20111102074600,0,214
13301104001,116.354918,39.855322,0,605983753,528945485,20111102074705,0,214
13301104001,116.354923,39.855328,0,605983753,528945485,20111102074743,0,334
13301104001,116.354918,39.855322,0,605983753,528945485,20111102074805,0,214
13301104001,116.354927,39.855332,0,605983753,528945485,20111102074911,0,334
13301104001,116.354936,39.855342,0,605983753,528945485,20111102075016,0,334
13301104001,116.354942,39.855349,0,605983753,528945485,20111102075052,0,334
13301104001,116.354940,39.855346,0,605983753,528945485,20111102075116,0,334
13301104001,116.354944,39.855352,0,605983753,528945485,20111102075221,0,334
13301104001,116.354948,39.855356,0,605983753,528945485,20111102075259,0,334
13301104001,116.354946,39.855353,0,605983753,528945485,20111102075322,0,334
13301104001,116.354949,39.855357,0,605983753,528945485,20111102075427,0,334
13301104001,116.354951,39.855360,0,605983753,528945485,20111102075527,0,334
13301104001,116.354941,39.855348,0,605983753,528945485,20111102075633,0,334
13301104001,116.354942,39.855350,0,605983753,528945485,20111102075709,0,334
13301104001,116.354940,39.855347,0,605983753,528945485,20111102075733,0,334
13301104001,116.354936,39.855342,0,605983753,528945485,20111102075839,0,334
13301104001,116.354932,39.855338,0,605983753,528945485,20111102075939,0,334
13301104001,116.354933,39.855339,0,605983753,528945485,20111102075959,0,334
13301104001,116.354936,39.855343,0,605983753,528945485,20111102080044,0,334
13301104001,116.354938,39.855345,0,605983753,528945485,20111102080103,0,334
13301104001,116.354938,39.855344,0,605983753,528945485,20111102080232,0,334
13301104001,116.354940,39.855347,0,605983753,528945485,20111102080309,0,334
13301104001,116.354938,39.855345,0,605983753,528945485,20111102080332,0,334
13301104001,116.354941,39.855348,0,605983753,528945485,20111102080438,0,334
13301104001,116.354946,39.855354,0,605983753,528945485,20111102080539,0,334
13301104001,116.354932,39.855338,0,605983753,528945485,20111102080620,0,334
13301104001,116.354934,39.855340,0,605983753,528945485,20111102080644,0,334
13301104001,116.354929,39.855334,0,605983753,528945485,20111102080726,0,334
13301104001,116.354932,39.855338,0,605983753,528945485,20111102080749,0,334
13301104001,116.354927,39.855332,0,605983753,528945485,20111102080854,0,334
13301104001,116.354931,39.855336,0,605983753,528945485,20111102080937,0,334
13301104001,116.354930,39.855336,0,605983753,528945485,20111102081000,0,334
13301104001,116.354924,39.855328,0,605983753,528945485,20111102081105,0,334
13301104001,116.354913,39.855315,0,605983753,528945485,20111102081142,0,334
13301104001,116.354911,39.855314,0,605983753,528945485,20111102081205,0,334
13301104001,116.354913,39.855315,0,605983753,528945485,20111102081310,0,334
13301104001,116.354910,39.855312,0,605983753,528945485,20111102081411,0,334
13301104001,116.354911,39.855314,0,605983753,528945485,20111102081454,0,334
13301104001,116.354905,39.855306,0,605983753,528945485,20111102081513,0,334
13301104001,116.354913,39.855316,0,605983753,528945485,20111102081516,0,334
13301104001,116.354906,39.855308,0,605983753,528945485,20111102081621,0,334
13301104001,116.354909,39.855312,0,605983753,528945485,20111102081741,0,334
13301104001,116.354903,39.855304,0,605983753,528945485,20111102081846,0,334
13301104001,116.354911,39.855314,0,605983753,528945485,20111102081946,0,334
13301104001,116.355391,39.855849,0,754397603,605983753,20111102082051,2,28
13301104001,116.355393,39.855851,0,754397603,605983753,20111102082128,0,30
13301104001,116.355389,39.855847,0,754397603,605983753,20111102082152,0,30
13301104001,116.355387,39.855845,0,754397603,605983753,20111102082257,0,30
13301104001,116.355388,39.855846,0,754397603,605983753,20111102082357,0,30
13301104001,116.355389,39.855847,0,754397603,605983753,20111102082503,0,30
13301104001,116.355382,39.855840,0,754397603,605983753,20111102082541,0,30
13301104001,116.355385,39.855843,0,754397603,605983753,20111102082603,0,30
13301104001,116.355383,39.855841,0,754397603,605983753,20111102082645,0,30
13301104001,116.355383,39.855841,0,754397603,605983753,20111102082708,0,30
13301104001,116.355376,39.855834,0,754397603,605983753,20111102082750,0,30
13301104001,116.355377,39.855835,0,754397603,605983753,20111102082919,0,30
13301104001,116.356334,39.856956,0,528945479,754399916,20111102083019,10,24
13301104001,116.357231,39.858416,0,528945477,605986198,20111102083124,12,16
13301104001,116.358376,39.857828,0,1410708935,1410708929,20111102083225,13,178
13301104001,116.353215,39.852261,0,1231514691,332948307,20111102083430,32,246
13301104001,116.344933,39.849853,0,276094693,276094694,20111102083536,49,250
13301104001,116.324474,39.847814,0,332948413,332948414,20111102083613,56,270
13301104001,116.335112,39.847713,0,276094701,276094702,20111102083636,43,264
13301104001,116.323441,39.847932,0,332948414,332948415,20111102083742,56,278
13301104001,116.310187,39.857485,0,276094661,276094662,20111102083818,47,324
13301104001,116.315294,39.851860,0,276094658,276094659,20111102083842,54,324
13301104001,116.309721,39.857995,0,276094662,276094643,20111102083948,51,322
13301104001,116.306952,39.863016,0,337499621,337499620,20111102084048,26,354
13301104001,116.304676,39.867343,0,1417716376,337500494,20111102084153,47,222
13301104001,116.286623,39.864819,0,1417716316,1417716302,20111102084231,56,258
13301104001,116.295519,39.865452,0,1417716337,1417716327,20111102084254,49,262
13301104001,116.285724,39.864756,0,1417716302,343320123,20111102084359,54,266
13301104001,116.274505,39.864000,0,296345637,296345672,20111102084459,62,264
13301104001,116.261636,39.864412,0,296345725,296345743,20111102084605,56,276
13301104001,116.243989,39.861566,0,296346400,296345915,20111102084641,62,242
13301104001,116.251742,39.864833,0,296345871,296345885,20111102084705,41,234
13301104001,116.243083,39.861197,0,296346400,296345915,20111102084810,63,242
13301104001,116.233596,39.857875,0,605309586,605309588,20111102084911,15,250
13301104001,116.232663,39.857380,0,1189179605,1189179586,20111102085016,13,164
13301104001,116.237459,39.852716,0,534251547,1291607234,20111102085053,34,116
13301104001,116.233405,39.854762,0,1189179595,534251549,20111102085116,12,206
13301104001,116.237968,39.852516,0,534251547,1291607234,20111102085222,34,116
13301104001,116.244091,39.850540,0,534248454,534251545,20111102085322,26,110
13301104001,116.244940,39.848859,0,534248451,534248453,20111102155107,23,2
13301104001,116.251816,39.849266,0,534251537,534251538,20111102155148,23,106
13301104001,116.245412,39.850237,0,534251544,534248454,20111102155214,2,100
13301104001,116.252280,39.849124,0,534251536,534251537,20111102155319,30,112
13301104001,116.259172,39.847018,0,1327769576,534251536,20111102155419,28,102
13301104001,116.267649,39.845239,0,534251532,1411178463,20111102155501,36,86
13301104001,116.261724,39.846331,0,1327769576,1327769870,20111102155525,17,104
13301104001,116.268283,39.845261,0,534251532,1411178463,20111102155630,38,86
13301104001,116.276393,39.845246,0,1230360688,534251529,20111102155710,0,66
13301104001,116.276390,39.845245,0,1230360688,534251529,20111102155839,0,66
13301104001,116.277836,39.847698,0,534250861,1230361264,20111102155941,26,350
13301104001,116.277817,39.849546,0,1230361264,534250862,20111102160046,12,352
13301104001,116.277398,39.854164,0,343318174,1230360965,20111102160122,0,4
13301104001,116.277669,39.851395,0,1230361239,343318174,20111102160146,13,352
13301104001,116.277238,39.855841,0,343318175,343318176,20111102160228,43,356
13301104001,116.277397,39.854171,0,343318174,1230360965,20111102160251,0,4
13301104001,116.277194,39.856322,0,343318175,343318176,20111102160357,36,354
13301104001,116.279205,39.863371,0,337509657,337509659,20111102160708,32,52
13301104001,116.287313,39.864602,0,337509669,1230361083,20111102160743,0,96
13301104001,116.285923,39.864514,0,337509669,1230361083,20111102160808,19,76
13301104001,116.287312,39.864602,0,337509669,1230361083,20111102160913,0,96
13301104001,116.290471,39.864974,0,1417716308,321415868,20111102161119,32,80
13301104001,116.304621,39.865230,0,1417716321,337504281,20111102161154,43,114
13301104001,116.296811,39.865390,0,1417716326,337492814,20111102161219,38,82
13301104001,116.309797,39.857694,0,35869969,35869970,20111102161259,52,144
13301104001,116.305232,39.864915,0,337504281,337504692,20111102161324,51,130
13301104001,116.309304,39.858236,0,35869968,35869969,20111102161424,51,144
13301104001,116.314409,39.852654,0,35869972,35869973,20111102161529,52,144
13301104001,116.321726,39.848100,0,276094651,276094652,20111102161634,49,104
13301104001,116.335882,39.847590,0,35870320,35870321,20111102161709,34,98
13301104001,116.330274,39.847550,0,35869984,35869985,20111102161734,41,90
13301104001,116.336612,39.847626,0,332948634,332948635,20111102161839,45,82
13301104001,116.345687,39.849882,0,35870328,35870329,20111102161940,38,72
13301104001,116.353515,39.851942,0,528937048,332948277,20111102162045,39,70
13301104001,116.358435,39.856259,0,1410708929,605973857,20111102162120,28,354
13301104001,116.359266,39.853544,0,1410708911,1410708913,20111102162145,21,74
13301104001,116.357654,39.858774,0,1410708935,528945475,20111102162326,8,264
13301104001,116.358549,39.858500,0,754401176,528944851,20111102162350,0,4
13301104001,116.357476,39.858757,0,528945475,528945477,20111102162456,12,196
13301104001,116.356549,39.857269,0,528945479,754399916,20111102162556,0,206
13301104001,116.355476,39.855938,0,754397603,605983753,20111102162701,8,204
13301104001,116.354796,39.855181,0,605983753,528945485,20111102162737,0,220
13301104001,116.354805,39.855192,0,605983753,528945485,20111102162801,0,220
13301104001,116.354796,39.855182,0,605983753,528945485,20111102162908,0,220
13301104001,116.354786,39.855170,0,605983753,528945485,20111102163008,0,220
13301104001,116.354781,39.855164,0,605983753,528945485,20111102163049,0,220
13301104001,116.354774,39.855157,0,605983753,528945485,20111102163113,0,220
13301104001,116.355624,39.856093,0,754397603,605983753,20111102163157,17,30
13301104001,116.354786,39.855170,0,605983753,528945485,20111102163219,0,220
13301104001,116.356420,39.857082,0,528945479,754399916,20111102163300,2,38
13301104001,116.355770,39.856263,0,754399916,754397603,20111102163324,21,42
13301104001,116.356423,39.857087,0,528945479,754399916,20111102163429,2,36
13301104001,116.356468,39.857152,1,528945479,754399916,20111102163445,6,16
13301104001,116.358363,39.858233,1,1410708935,1410708929,20111102163634,21,170
13301104001,116.350493,39.851507,0,332948307,332948308,20111102163824,36,254
13301104001,116.353923,39.852456,1,605972382,1231514691,20111102163846,15,258
13301104001,116.353728,39.852483,0,1231514688,1231514691,20111102163850,0,258
13301104001,116.349883,39.851504,0,528945490,528945492,20111102163954,32,254
13301104001,116.342407,39.849494,0,296298267,296298268,20111102164055,17,278
13301104001,116.335127,39.847817,0,332948393,332948394,20111102164200,43,254
13301104001,116.329736,39.847664,0,276094647,276094648,20111102164300,41,266
13301104001,116.328035,39.847808,0,332948395,332948409,20111102164405,13,290
13301104001,116.322361,39.848119,0,332948415,332948416,20111102164511,23,282
13301104001,116.312201,39.855443,0,1410708923,534250156,20111102164545,28,322
13301104001,116.317171,39.850346,0,534250153,534250154,20111102164611,25,304
13301104001,116.311333,39.856406,0,534250156,534309304,20111102164753,0,330
13301104001,116.311342,39.856396,0,534250156,534309304,20111102164818,0,330
13301104001,116.311333,39.856407,0,534250156,534309304,20111102164923,0,330
13301104001,116.308066,39.860461,0,534250157,534250159,20111102165023,38,332
13301104001,116.308607,39.864869,0,321415768,321415765,20111102165103,12,38
13301104001,116.308574,39.864835,0,321415768,321415765,20111102165129,0,32
13301104001,116.308785,39.865056,0,321415765,321415621,20111102165234,23,34
13301104001,116.306326,39.869136,0,1417716388,321415324,20111102165310,36,348
13301104001,116.308862,39.866921,0,321415320,321415355,20111102165334,15,300
13301104001,116.305619,39.875467,0,754516800,604800430,20111102165542,23,350
13301104001,116.304565,39.885655,0,604746429,604746431,20111102165728,4,354
13301104001,116.307385,39.895449,0,325915609,325915605,20111102170044,19,164
13301104001,116.291858,39.895830,1,320900350,320900426,20111102181753,8,272
13301104001,116.286802,39.895783,1,320900426,320900425,20111102181858,21,270
13301104001,116.275445,39.895776,1,320900795,320902672,20111102182107,32,272
13301104001,116.268164,39.898153,1,333165461,35866204,20111102182210,41,354
13301104001,116.268173,39.906617,1,35866204,35866206,20111102182315,56,0
13301104001,116.268798,39.915291,1,35866209,35866210,20111102182421,49,8
13301104001,116.268653,39.924252,1,1346474198,1361129360,20111102182735,19,266
13301104001,116.263790,39.923075,1,324262117,1361129263,20111102182839,47,268
13301104001,116.251578,39.923129,1,1361129262,528976372,20111102182944,58,278
13301104001,116.226587,39.923365,1,528976399,1361129295,20111102183155,63,270
13301104001,116.216130,39.923533,1,1346474167,1346474168,20111102183259,51,268
13301104001,116.204209,39.923534,1,528977121,495148499,20111102183405,63,268
13301104001,116.176867,39.923202,1,277313448,277313413,20111102183621,60,262
13301104001,116.164544,39.923229,1,280446922,277313658,20111102183729,49,270
13301104001,116.155992,39.923371,1,280446923,644621592,20111102183842,12,278
13301104001,116.154569,39.925400,1,280447339,280448126,20111102183945,23,346
13301104001,116.127218,39.950172,1,398847461,398891182,20111102184717,26,50
13301104001,116.128061,39.953570,1,398847452,398847455,20111102184820,21,2
13301104001,116.129294,39.957155,1,398847439,398847442,20111102184933,21,46
13301104001,116.129682,39.957475,0,398847439,398847442,20111102184945,2,62
13301104001,116.128115,39.953303,0,398847452,398847455,20111102185126,38,170
13301104001,116.124868,39.948297,0,398891182,1249808045,20111102185250,32,182
13301104001,116.128231,39.952720,0,398847452,398847455,20111102185251,43,170
13301104001,116.127947,39.950668,0,398847455,398847461,20111102185317,39,228
13301104001,116.124887,39.947920,0,398891182,1249808045,20111102185422,26,178
13301104001,116.129573,39.944710,0,1249808125,1249808070,20111102185522,28,82
13301104001,116.133935,39.941919,0,280448121,280448088,20111102185628,28,146
13301104001,116.140823,39.937877,0,1249808147,280447925,20111102185703,51,114
13301104001,116.135971,39.939741,0,280447252,1249808147,20111102185728,0,136
13301104001,116.141590,39.937593,0,1249808147,280447925,20111102185833,54,116
13301104001,116.149349,39.932397,0,280447206,280447948,20111102185934,52,144
13301104001,116.152785,39.928603,0,280447948,280447339,20111102190039,12,142
13301104001,116.196842,39.923299,0,726636089,528976123,20111102190739,38,90
13301104001,116.190159,39.923403,0,528976114,726641140,20111102190805,30,86
13301104001,116.197663,39.923211,0,726636087,726636089,20111102190912,38,84
13301104001,116.208640,39.923338,0,528976131,528976820,20111102191012,58,88
13301104001,116.221528,39.923585,0,1361129314,1361129312,20111102191118,56,88
13301104001,116.244419,39.925356,0,528976206,1361129302,20111102191154,62,112
13301104001,116.232762,39.924251,0,1361129408,1346474173,20111102191218,58,72
13301104001,116.256605,39.922933,0,528976219,324262294,20111102191258,58,88
13301104001,116.245316,39.925036,0,528976206,1361129302,20111102191323,63,114
13301104001,116.257536,39.922936,0,528976219,324262294,20111102191428,58,88
13301104001,116.267503,39.922100,0,1361129165,1346474106,20111102191529,41,126
13301104001,116.268588,39.915501,0,325026562,320899728,20111102191634,51,186
13301104001,116.267811,39.898150,0,333161788,333161871,20111102191709,58,180
13301104001,116.267902,39.907403,0,320899730,320899731,20111102191734,58,180
13301104001,116.267847,39.897266,0,333166077,333166075,20111102191840,56,180
13301104001,116.267797,39.888858,0,534313674,534313679,20111102191941,54,180
13301104001,116.270016,39.879315,0,333171146,333171148,20111102192046,65,162
13301104001,116.278445,39.864254,0,296345576,296345610,20111102192120,51,112
13301104001,116.273532,39.870710,0,333171153,333171154,20111102192146,60,154
13301104001,116.279219,39.864181,0,321415867,343319302,20111102192252,51,94
13301104001,116.288150,39.861429,0,534305019,529546313,20111102192325,28,6
13301104001,116.287647,39.864624,0,337509669,1230361083,20111102192352,8,78
13301104001,116.288168,39.861821,0,534305019,529546313,20111102192457,34,4
13301104001,116.288221,39.862934,0,534305019,529546313,20111102195734,2,162
13301104001,116.288227,39.863054,0,534305019,529546313,20111102195839,2,180
13301104001,116.288228,39.863088,0,534305019,529546313,20111102195939,0,186
13301104001,116.288239,39.863314,0,534305019,529546313,20111102215227,0,228
13301104001,116.288240,39.863334,0,534305019,529546313,20111102215300,0,228
13301104001,116.288241,39.863350,0,534305019,529546313,20111102215328,0,228
13301104001,116.288240,39.863333,0,534305019,529546313,20111102215433,0,228
